"","Ea.Value","Intercept","Std.Error","DF","t-value","p-value","lower","upper","Num_Obs","Num_Groups"
"mlm_dch4_Ld1",0.538576515831126,-2.33112299100763,0.234764638056295,66,2.29411260695053,0.0249742192792073,0.0698537926597084,1.00729923900254,90,23
"mlm_dch4_Ld1_5",0.287430845152544,-1.00877708210741,0.0629976216952672,714,4.56256660835401,5.94759462126808e-06,0.163748116139666,0.411113574165422,829,114
"mlm_dch4_Ld5_15",0.849935745888204,-0.511421702974866,0.107395470853018,515,7.91407439380224,1.53692730802082e-14,0.638948644677855,1.06092284709855,592,76
"mlm_dch4_Ld15",0.979500781740738,-1.39776903372296,0.137778195689194,236,7.10925830347163,1.37762223613581e-11,0.70806852533324,1.25093303814824,290,53
