"","Ea.Value","Intercept","Std.Error","DF","t-value","p-value","lower","upper","Num_Obs","Num_Groups"
"mlm_ech4_Ld1",-0.76899547822578,1.34509190463601,1.05883087857702,23,-0.726268466272201,0.475000961821596,-2.95935403334082,1.42136307688926,37,13
"mlm_ech4_Ld1_5",1.53499819123798,-0.585502071611082,0.11789873007766,436,13.0196329530172,5.77259529430886e-33,1.30327768658999,1.76671869588597,482,45
"mlm_ech4_Ld5_15",2.16163963997306,0.586812609698845,0.127376192993991,788,16.9705153621213,2.72777858640554e-55,1.91160284398184,2.41167643596428,816,27
"mlm_ech4_Ld15",2.19177104981046,-0.954937527384321,0.53244925347748,5,4.1163942582242,0.00920623308522269,0.823066670423133,3.56047542919778,12,6
