"","Ea.Value","Intercept","Std.Error","DF","t-value","p-value","lower","upper","Num_Obs","Num_Groups"
"ech4_all_lake",1.32662901621377,-0.327042211033567,0.0770044227549422,2249,17.2279587165483,1.42354669791366e-62,1.17562185281959,1.47763617960796,2355,105
"ech4_small_pond",0.282314736823676,-1.62513140445489,0.144762806107111,994,1.95018834198883,0.0514344765252928,-0.00176105294221229,0.566390526589565,1008,13
"ech4_medium_pond",1.37630584909049,0.288216452684041,0.244814623084279,68,5.62182859729211,3.84261503527258e-07,0.887785874766104,1.86482582341488,93,24
"ech4_pond",1.98259416036257,-0.499032406291724,0.122752372786158,814,16.1511677156446,4.13232368383324e-51,1.74164566528791,2.22354265543724,853,38
"ech4_small_lake",1.61252789734684,-0.330134551847093,0.146612304026275,345,10.9985850645785,2.53679595831483e-24,1.32416144795965,1.90089434673404,364,18
"ech4_medium_lake",2.36185852169101,1.20106100338302,0.216370152317765,7,10.9158240930678,1.19730178784987e-05,1.85022441219959,2.87349263118242,19,11
"ech4_lake",2.97511584539377,-1.53003361355149,1.67850457637511,15,1.77248003208834,0.096618744920992,-0.602531971140949,6.55276366192849,18,2
